model name,best alpha (BM25),best beta (TF-IDF),best gamma (Transformer),best recall@5,baseline recall@5,delta,p-value (U-test),is significant
rubert-base-cased,0.0,0.24,0.76,0.7399000000000001,0.7208,0.019100000000000117,1.1125925302225396e-06,yes
RuModernBERT-base,0.02,0.04,0.94,0.7265999999999999,0.7161000000000002,0.010499999999999732,0.00029051217592083865,yes
rubert-tiny2,0.0,0.06,0.94,0.7741,0.7719,0.0021999999999999797,0.2850718737107837,no
rubert-tiny-turbo,0.0,0.0,1.0,0.9094,0.9094,0.0,1.0,no
bert-base-multilingual-cased,0.08,0.18,0.74,0.7305,0.7035,0.027000000000000024,3.6595640515894334e-08,yes
paraphrase-multilingual-MiniLM-L12-v2,0.0,0.0,1.0,0.9245,0.9245,0.0,1.0,no
sbert_large_nlu_ru,0.16,0.0,0.84,0.7534000000000001,0.7115,0.04190000000000005,1.2479143017880222e-26,yes
